programId,title,categories
1,Smart B uilderPremium,Financial Literacy
2,Smart St rategyDeluxe,Credit Building
3,Econo mic GuideTotal,Debt Management
4,Asset B uilderExpert,Budgeting|Investing
5,Vision Plus,Retirement Planning
6,Capital Vision,Credit Building
7,Fortune Tracker,Retirement Planning
8,Future Bl ueprintAdvanced,Financial Literacy
9,Economi c SuccessPrime,Credit Building
10,Financial Success,Investing|Budgeting
11,Equity  MethodPlatinum,Debt Management|Investing
12,Economic  SolutionsTotal,Investing|Debt Management
13,Roadmap,Budgeting
14,Cash Guide,Financial Literacy|Investing
15,Path,Credit Building|Investing
16,Freedom B lueprint360,
17,Insights,Credit Building|Financial Literacy
18,Budget System,Financial Literacy
19,Smart Planner,Debt Management|Budgeting
20,Equity S trategyPlatinum,Debt Management
21,Economic  BlueprintSupreme,Financial Literacy
22,Journey,Retirement Planning|Financial Literacy
23,Fortune  SuccessPro,Financial Literacy
24,Money M asteryPlus,Financial Literacy
25,Prosper Journey,Debt Management|Retirement Planning
26,Journey Select,Retirement Planning|Budgeting
27,Wealth  MasteryExpert,Debt Management
28,Economi c AcademyComplete,Budgeting
29,Economi c PlannerUnlimited,Debt Management
30,Prosper Fo undationPrime,
31,Smart Nav igatorGold,Debt Management|Credit Building
32,Financial Advantage,Budgeting|Credit Building
33,Thrive I nsightsDeluxe,Budgeting
34,Fortune N avigatorTotal,Financial Literacy
35,Equity Advantage,
36,Asset S uccessPremium,Retirement Planning|Investing
37,Strategy Supreme,
38,Strategy,Investing
39,Success Complete,Financial Literacy|Credit Building
40,Economic Tracker,Investing
41,Wealth So lutionsUltra,Debt Management|Investing
42,Dollar  MasterySelect,Budgeting
43,Budget  BuilderGold,Financial Literacy|Budgeting
44,Budget So lutionsMaster,Retirement Planning
45,Capital System,Investing
46,Fortune  PlannerUnlimited,Financial Literacy|Debt Management
47,Success,
48,Guide Expert,Credit Building|Debt Management
49,Wealth Navigator,Debt Management
50,Academy Essential,Retirement Planning
51,Money B uilderDeluxe,Budgeting|Credit Building
52,Builder 360,Investing|Credit Building
53,Thrive  PlannerTotal,Credit Building
54,Thrive Solutions,
55,Fiscal  SystemExpert,Credit Building
56,Insights Select,Financial Literacy|Debt Management
57,Secure Blueprint,Investing
58,Freedom Advantage,Retirement Planning|Debt Management
59,Cash Str ategySupreme,Credit Building
60,Fiscal  RoadmapEssential,
61,Money A cademyTotal,Retirement Planning|Credit Building
62,Thrive  AcademyEssential,
63,Budget Academy,
64,Savvy Vision,Financial Literacy|Retirement Planning
65,Foundation Essential,Financial Literacy|Retirement Planning
66,Dollar  AcademyUltra,Investing|Financial Literacy
67,Budget  SuccessPremium,Retirement Planning
68,Economi c AcademyAdvanced,Financial Literacy|Budgeting
69,Advantage Pro,
70,Secure Guide,Retirement Planning
71,Freedom Fo undationExpert,Credit Building|Debt Management
72,Secure Advantage,Debt Management|Retirement Planning
73,Dollar Na vigatorGold,Investing|Retirement Planning
74,Money Foun dationUnlimited,Debt Management|Budgeting
75,Mastery,
76,Smart  VisionPremium,Financial Literacy
77,Academy,Financial Literacy
78,Wealth Blueprint,Investing
79,Secure Navigator,Budgeting
80,Advantage,Credit Building|Investing
81,Asset Path,Retirement Planning
82,Thrive Builder,
83,Academy Total,Budgeting
84,Savvy Success,Investing|Budgeting
85,Asset Blu eprintMaster,Investing|Financial Literacy
86,Dollar So lutionsAdvanced,Retirement Planning|Financial Literacy
87,Foundation,Budgeting
88,Secure  SuccessTotal,Retirement Planning|Financial Literacy
89,Savvy B uilderEssential,Investing
90,Economic  BlueprintPlatinum,Budgeting|Debt Management
91,Future Bl ueprintUnlimited,Budgeting
92,Budget Fou ndationPro,Retirement Planning|Credit Building
93,Financial Builder,Retirement Planning
94,Equity  MasteryTotal,
95,Fortune Planner,Financial Literacy
96,Savvy Tracker,
97,Treasury Mastery,Credit Building
98,Money Blu eprintUnlimited,Retirement Planning
99,Treasury F oundationEssential,Credit Building|Retirement Planning
100,Fortune Builder,Retirement Planning
